,value,outlier
0,1.5649582347282616,0.0
1,1.6623899382514862,0.0
2,1.8896603723367549,0.0
3,1.8925160098566824,0.0
4,1.8451272322080272,0.0
5,2.3364420623778606,0.0
6,2.049709547591036,0.0
7,2.304543753980508,0.0
8,1.9010303498007357,0.0
9,2.0561719616091207,0.0
10,2.224709418059015,0.0
11,2.6761255103846002,0.0
12,2.104350997237046,0.0
13,2.154196725920923,0.0
14,2.57325768120822,0.0
15,2.7419614101721796,0.0
16,2.89318371152826,0.0
17,2.589636821388889,0.0
18,2.848872807323213,0.0
19,3.067981343169017,0.0
20,2.7896511546340084,0.0
21,2.68864791201321,0.0
22,2.7900651865341626,0.0
23,2.7191893902917124,0.0
24,3.192726787089669,0.0
25,3.3002715246531307,0.0
26,3.0471690500606803,0.0
27,3.0012965515761234,0.0
28,3.3419307286910356,0.0
29,3.1140104858743767,0.0
30,3.081717706867795,0.0
31,3.2149965670747247,0.0
32,3.5459639103355336,0.0
33,3.60548951623856,0.0
34,3.621758730781222,0.0
35,3.394784189326253,0.0
36,3.189041698910173,0.0
37,3.2711975951627568,0.0
38,3.483692202044021,0.0
39,3.659693191932633,0.0
40,3.324136567412257,0.0
41,3.512400088154567,0.0
42,3.888842900833241,0.0
43,3.47771750569761,0.0
44,3.5792595766399735,0.0
45,4.000147430719462,0.0
46,3.6449523016080723,0.0
47,3.8210244446675823,0.0
48,3.5841343512820716,0.0
49,3.5960481299667313,0.0
50,3.82476195525931,0.0
51,3.8303038710417976,0.0
52,4.169057627901842,0.0
53,3.7685043531333644,0.0
54,4.312045410775393,0.0
55,3.9942382523547586,0.0
56,4.149662685019409,0.0
57,4.165037091757147,0.0
58,3.960937310409243,0.0
59,3.8999626880520313,0.0
60,4.402337328343754,0.0
61,3.9429491381820108,0.0
62,4.18935842370566,0.0
63,4.405537740003148,0.0
64,4.071023781909821,0.0
65,4.338670454371179,0.0
66,3.974306190567514,0.0
67,4.550716454873637,0.0
68,3.9580981525263024,0.0
69,4.372608508529399,0.0
70,4.587823339873305,0.0
71,4.31045349231297,0.0
72,4.0153363215881805,0.0
73,4.501609236541131,0.0
74,4.610106199441295,0.0
75,4.307869826053574,0.0
76,4.507349922089746,0.0
77,4.359653612669362,0.0
78,4.1197003318034975,0.0
79,4.086669265714414,0.0
80,4.443043453265533,0.0
81,4.575085208721724,0.0
82,4.6301832447781095,0.0
83,4.555667901102927,0.0
84,4.478809083940279,0.0
85,4.234581486301684,0.0
86,4.157561709987841,0.0
87,4.177044906222731,0.0
88,4.053386572903498,0.0
89,4.12285476706388,0.0
90,4.2212541106791335,0.0
91,3.9819024660001023,0.0
92,4.373050329159776,0.0
93,4.249017730547728,0.0
94,4.110236288622849,0.0
95,4.3351721701869055,0.0
96,4.371682483779848,0.0
97,4.01379380753433,0.0
98,4.00696286266802,0.0
99,3.9748614700488085,0.0
100,4.078932598433194,0.0
101,4.281859062501158,0.0
102,4.328989374755376,0.0
103,4.018096639045235,0.0
104,4.24706128759197,0.0
105,3.971304049118985,0.0
106,3.999418259575857,0.0
107,4.006805961272313,0.0
108,4.0750698151488205,0.0
109,4.125967589754868,0.0
110,3.600971879775712,0.0
111,4.024352210831338,0.0
112,3.477914780143719,0.0
113,3.459169211792254,0.0
114,3.4636884455683576,0.0
115,3.613129318363632,0.0
116,3.687092028520713,0.0
117,3.3740835440663792,0.0
118,3.781622901106092,0.0
119,3.3122795700560452,0.0
120,3.7776143224568903,0.0
121,3.483093972437893,0.0
122,3.218090249664603,0.0
123,3.4241472725260733,0.0
124,3.5627444443451717,0.0
125,3.0255974923981115,0.0
126,3.0469970060998524,0.0
127,3.1194787572318363,0.0
128,3.458083857285657,0.0
129,2.8851562275774856,0.0
130,3.085199508354609,0.0
131,2.912597758807854,0.0
132,2.801613267903069,0.0
133,3.3127312217672458,0.0
134,3.239032741241947,0.0
135,2.7351596781582015,0.0
136,3.1728613727608193,0.0
137,2.6854384356583263,0.0
138,2.96216831377804,0.0
139,2.40933822682223,0.0
140,2.549276043056173,0.0
141,2.3587616888576584,0.0
142,2.2708784648992473,0.0
143,2.7969807719994204,0.0
144,2.4525433264708463,0.0
145,2.4780680360303555,0.0
146,2.594148933854826,0.0
147,2.1170538339898455,0.0
148,1.9872271822961767,0.0
149,2.379768263859619,0.0
150,2.1935842523604703,0.0
151,1.9191841655517305,0.0
152,2.1658806891526536,0.0
153,2.059794350350324,0.0
154,1.9585104160696027,0.0
155,1.775823489102538,0.0
156,1.7160134037025416,0.0
157,1.925635871191827,0.0
158,1.5250109309101099,0.0
159,1.7903648944519213,0.0
160,1.9491032295802757,0.0
161,1.5688538339581162,0.0
162,1.7684912299858384,0.0
163,1.3444833175780069,0.0
164,1.3486641854010863,0.0
165,1.594153253576728,0.0
166,1.1809677094188584,0.0
167,1.1307055894107154,0.0
168,1.0086869207411848,0.0
169,0.9627527999094986,0.0
170,1.042858717212771,0.0
171,0.850854583114758,0.0
172,0.7981077695636654,0.0
173,1.0335811198330527,0.0
174,0.8439377165366994,0.0
175,0.7610815028735693,0.0
176,0.7117495131288619,0.0
177,0.7156474632571769,0.0
178,0.6906389689269199,0.0
179,0.9228165167892726,0.0
180,0.6829601377016854,0.0
181,0.5980859300827498,0.0
182,0.7615289213693892,0.0
183,0.6806989693322176,0.0
184,0.7028042516734507,0.0
185,0.26003647380155454,0.0
186,0.13363733888725893,0.0
187,0.26811407552988076,0.0
188,0.7140668939729627,0.0
189,0.5128960384741178,0.0
190,0.14592611290581523,0.0
191,0.5750285558964844,0.0
192,0.3859670979370207,0.0
193,-0.015152900905438083,-0.0
194,-0.0069842080739819234,-0.0
195,0.1325134233798207,0.0
196,0.23008800728833317,0.0
197,0.003690561162882189,0.0
198,-0.13661169171485224,-0.0
199,0.10954532476936985,0.0
200,-0.06683809187990947,-0.0
201,-0.2008677614764706,-0.0
202,0.13996261978140978,0.0
203,-0.3915722114391223,-0.0
204,-0.08697034891910471,-0.0
205,-0.12758518462988216,-0.0
206,-0.2774574468624961,-0.0
207,-0.3175892237985544,-0.0
208,-0.29384833887468775,-0.0
209,-0.126662071560095,-0.0
210,-0.0945747114619685,-0.0
211,-0.323476401994714,-0.0
212,-0.6260319169586331,-0.0
213,-0.6283374595280233,-0.0
214,-0.2497420418506504,-0.0
215,-0.35240298720164587,-0.0
216,-0.8005914521484626,-0.0
217,-0.49665379928780684,-0.0
218,-0.3238983916068271,-0.0
219,-0.7225322081175246,-0.0
220,-0.6177428789558133,-0.0
221,-0.7562212081212591,-0.0
222,-0.7395781557059583,-0.0
223,-0.28173107509725226,-0.0
224,-0.6882610781692773,-0.0
225,-0.5308617562248128,-0.0
226,-0.9018161962352621,-0.0
227,-0.883459395845345,-0.0
228,-0.9627864303123823,-0.0
229,-0.32183127054703176,-0.0
230,-0.9278160334219802,-0.0
231,-0.383487704504592,-0.0
232,-0.5084134143581103,-0.0
233,-0.6650379853525947,-0.0
234,-0.3485640650203775,-0.0
235,-0.808916367792529,-0.0
236,-0.462298132465117,-0.0
237,-0.8212016534789516,-0.0
238,-0.40479087693047777,-0.0
239,-0.5475333223941432,-0.0
240,-0.8851474288179707,-0.0
241,-0.5307766236657172,-0.0
242,-0.979492243861656,-0.0
243,-0.8163297082960762,-0.0
244,-0.6733011748350786,-0.0
245,-0.5067081104620763,-0.0
246,-0.9234817251885156,-0.0
247,-0.8290115548427004,-0.0
248,-0.7800212851633098,-0.0
249,-0.7350815006025281,-0.0
250,-0.5697298619247295,-0.0
251,-0.5453942946249004,-0.0
252,-0.42591099346610783,-0.0
253,-0.5278359077383707,-0.0
254,-0.8018592722916155,-0.0
255,-0.20413436178081956,-0.0
256,-0.7755623007482463,-0.0
257,-0.3673139888805963,-0.0
258,-0.6774751452626733,-0.0
259,-0.3864708680582211,-0.0
260,-0.3530828685476697,-0.0
261,-0.394211389974634,-0.0
262,-0.4584108151615234,-0.0
263,-0.5961961488453985,-0.0
264,0.009342101088086419,0.0
265,0.034916723163421204,0.0
266,0.09096532343098696,0.0
267,0.1282120631429241,0.0
268,-0.2744689335728129,-0.0
269,0.06651804540053075,0.0
270,0.10367119022680316,0.0
271,0.16705190622603117,0.0
272,-0.25252994299103076,-0.0
273,-0.14912589923005823,-0.0
274,-0.1500140027926257,-0.0
275,-0.007982215992739572,-0.0
276,0.33532352428075096,0.0
277,0.13485541034148008,0.0
278,0.2007875329096116,0.0
279,0.1007319718994589,0.0
280,0.20660421514848754,0.0
281,0.11379683898589743,0.0
282,0.4514841967297795,0.0
283,0.5646288691424969,0.0
284,0.12097765714321049,0.0
285,0.5864256726095498,0.0
286,0.6133944858356972,0.0
287,0.5872428244977712,0.0
288,0.6305281535359468,0.0
289,0.7528238103216107,0.0
290,1.0001182486651294,0.0
291,0.8941285913578367,0.0
292,0.8647126038174724,0.0
293,0.5126773327623512,0.0
294,0.5560139684694667,0.0
295,0.6662003306743243,0.0
296,0.7390244470691676,0.0
297,1.1214742955385961,0.0
298,1.3210468453077082,0.0
299,0.9120727272362509,0.0
300,1.4503574856935932,0.0
301,1.4146016186771857,0.0
302,0.9644086224172411,0.0
303,1.3745949621270097,0.0
304,1.3643537569879682,0.0
305,1.2732535143878596,0.0
306,1.212671453917133,0.0
307,1.2302747957060638,0.0
308,1.3229658179289008,0.0
309,1.5360424050409867,0.0
310,1.4172649934858055,0.0
311,1.760167472829666,0.0
312,1.453672966955061,0.0
313,1.9922953288876604,0.0
314,1.938218285748591,0.0
315,1.574577543625565,0.0
316,1.718088439845,0.0
317,1.836817806508856,0.0
318,1.8645109596750804,0.0
319,2.3697844127057435,0.0
320,2.441958347215996,0.0
321,2.0299881221703635,0.0
322,1.9917498030139036,0.0
323,2.427420933629694,0.0
324,2.632029732117549,0.0
325,2.2852803177296126,0.0
326,2.440039671043934,0.0
327,2.7721640929323197,0.0
328,2.6679724400661033,0.0
329,2.2960840622502108,0.0
330,2.5472316483315023,0.0
331,2.9885024241531055,0.0
332,2.4543504032425836,0.0
333,2.6357484335648973,0.0
334,2.5591396006698863,0.0
335,2.9557817172474,0.0
336,3.078868188743032,0.0
337,2.628256874062439,0.0
338,2.8057887971533293,0.0
339,3.2631899300280347,0.0
340,3.2719280870251684,0.0
341,3.048013934690552,0.0
342,3.0190099410786138,0.0
343,3.3799227066771507,0.0
344,2.926163504487539,0.0
345,3.3813876712767414,0.0
346,3.026641755305824,0.0
347,3.0778952026401067,0.0
348,3.0704439289371224,0.0
349,3.5888032667233034,0.0
350,3.529837916900121,0.0
351,3.5605467563215742,0.0
352,3.3180381652545243,0.0
353,3.5328060401687895,0.0
354,3.5453769986770403,0.0
355,3.7087936024461667,0.0
356,3.7031250392628436,0.0
357,3.96836076926366,0.0
358,3.9488138571386835,0.0
359,3.891906396777937,0.0
360,3.902292861300311,0.0
361,3.709777159866924,0.0
362,3.5896815722041593,0.0
363,3.9372747306080065,0.0
364,4.118391879185876,0.0
365,4.026700581048801,0.0
366,3.7931049851073406,0.0
367,3.9157860213648186,0.0
368,4.019069003927468,0.0
369,4.172675863262605,0.0
370,3.9472936283154905,0.0
371,4.315017977116826,0.0
372,3.822240601883824,0.0
373,3.8804276887614355,0.0
374,4.249054867545128,0.0
375,4.007327715254983,0.0
376,4.343012762543857,0.0
377,4.459340634159362,0.0
378,3.9476687606912693,0.0
379,4.015281750238907,0.0
380,4.071595668577229,0.0
381,3.982529849789234,0.0
382,4.342074279437805,0.0
383,4.603217167217442,0.0
384,4.077870858895808,0.0
385,4.206920159519484,0.0
386,4.0291514118737854,0.0
387,4.454916747581746,0.0
388,4.201416804831319,0.0
389,4.483227426229482,0.0
390,4.579262810863276,0.0
391,4.013395979748559,0.0
392,4.462461899487156,0.0
393,4.582454576062736,0.0
394,4.257125668770507,0.0
395,4.130220159583905,0.0
396,4.0515044678885115,0.0
397,4.073466093191547,0.0
398,4.257580379158188,0.0
399,4.117070913383281,0.0
400,4.155579446612986,0.0
401,4.535873960082565,0.0
402,4.560360606735841,0.0
403,4.004501634596368,0.0
404,4.0301179357983,0.0
405,4.033861035298227,0.0
406,4.0627273292139074,0.0
407,3.92804194096864,0.0
408,4.3934475815752645,0.0
409,3.964452534084332,0.0
410,4.016672708602764,0.0
411,4.428968305521533,0.0
412,4.044145185032756,0.0
413,3.8042823528302128,0.0
414,4.429870406219792,0.0
415,3.996005985355069,0.0
416,4.004979772918306,0.0
417,3.999309531777416,0.0
418,3.781620456530843,0.0
419,3.790918793015921,0.0
420,4.133486201763644,0.0
421,3.8095952129187816,0.0
422,4.12464892425667,0.0
423,4.062503462193717,0.0
424,4.105010670918146,0.0
425,4.053742372199478,0.0
426,3.963559575598994,0.0
427,4.0249279556502415,0.0
428,3.7908554211718712,0.0
429,3.605068997655836,0.0
430,3.657436608269774,0.0
431,3.9485686711515715,0.0
432,3.4808118893307163,0.0
433,3.8027178205600505,0.0
434,3.468535579770987,0.0
435,3.4497441543651446,0.0
436,3.675837067874524,0.0
437,3.5478349945559735,0.0
438,3.6962301391984043,0.0
439,3.0111229163572095,0.0
440,3.4082683402021563,0.0
441,3.5396885700262626,0.0
442,3.371699071624758,0.0
443,3.1825545823660946,0.0
444,3.1930242222739933,0.0
445,3.2559484977900084,0.0
446,3.015619544927634,0.0
447,3.259993765489423,0.0
448,3.2013672620385805,0.0
449,3.081304172130779,0.0
450,3.1727831636555504,0.0
451,3.1023887509011505,0.0
452,3.0338447262117603,0.0
453,2.8969650944298255,0.0
454,2.4752973443121675,0.0
455,2.5821446814696927,0.0
456,2.7845397118198463,0.0
457,2.694960465497409,0.0
458,2.643419472655459,0.0
459,2.6225835254986096,0.0
460,2.5313257127594393,0.0
461,2.0133236872907387,0.0
462,2.4483904138684607,0.0
463,2.3474221526800054,0.0
464,2.4256434760306824,0.0
465,2.228052453518684,0.0
466,1.9032177870961244,0.0
467,2.18586407772804,0.0
468,1.8888887618209564,0.0
469,1.8621593660947673,0.0
470,2.080319980469861,0.0
471,1.8010492286105628,0.0
472,1.6013552881710957,0.0
473,1.745964933672562,0.0
474,1.8299533844690998,0.0
475,1.4285723962672694,0.0
476,1.4276329685890314,0.0
477,1.7105013121278543,0.0
478,1.7400442961871678,0.0
479,1.3866571504452045,0.0
480,1.708912220133041,0.0
481,1.627689299349675,0.0
482,1.0714653891705075,0.0
483,0.949178156079001,0.0
484,1.1915498956952564,0.0
485,1.357849104800305,0.0
486,0.9732924387699315,0.0
487,0.7546104942361589,0.0
488,1.0682531378426428,0.0
489,1.2453263218933643,0.0
490,0.8808278274880577,0.0
491,1.014754210387628,0.0
492,0.9811158845805799,0.0
493,0.4606828963091452,0.0
494,0.417578087075214,0.0
495,0.7788523098903837,0.0
496,0.7851192679689161,0.0
497,0.5747277858029658,0.0
498,0.6747961707320811,0.0
499,0.37029139886209617,0.0
500,0.37714422408909465,0.0
501,0.26141649538898115,0.0
502,0.20488262851016628,0.0
503,0.14913014779619313,0.0
504,0.3516205206933955,0.0
505,0.2820777289445358,0.0
506,-0.09921716772105442,-0.0
507,0.4985473323465214,0.0
508,0.2905977100924971,0.0
509,-0.01898911352976093,-0.0
510,0.25243198028390246,0.0
511,0.13889996950110722,0.0
512,0.07602515352111144,0.0
513,0.018696922980055153,0.0
514,-0.32963064346546234,-0.0
515,-0.296220736519758,-0.0
516,0.17153989050532292,0.0
517,-0.4574769534923666,-0.0
518,-0.3095302633144943,-0.0
519,0.11872305593888055,0.0
520,-0.03028020325130798,-0.0
521,-0.279213788602341,-0.0
522,-0.514108610748061,-0.0
523,-0.3075297899995048,-0.0
524,-0.5322796779075577,-0.0
525,-0.22110948323612983,-0.0
526,-0.45872484892793586,-0.0
527,-0.44657976117896414,-0.0
528,-0.7556497169584674,-0.0
529,-0.5443527685269756,-0.0
530,-0.32167750295669667,-0.0
531,-0.46045569767001965,-0.0
532,-0.26131956449252536,-0.0
533,-0.692557968980651,-0.0
534,-0.2697104406006686,-0.0
535,-0.2783231895261544,-0.0
536,-0.5129954306421816,-0.0
537,-0.5596391764583315,-0.0
538,-0.48780145348931053,-0.0
539,-0.8173532547862127,-0.0
540,-0.3292154536052162,-0.0
541,-0.68000001652634,-0.0
542,-0.4810178187949743,-0.0
543,-0.7163848004837676,-0.0
544,-0.90362925015463,-0.0
545,-0.5995917677530513,-0.0
546,-0.9924585876469275,-0.0
547,-0.9694509645184006,-0.0
548,-0.5794186923659528,-0.0
549,-0.7513069382203481,-0.0
550,-0.8713553579278016,-0.0
551,-0.8755612850389162,-0.0
552,-0.7137488491622805,-0.0
553,-0.862419179632551,-0.0
554,-0.38520753600636193,-0.0
555,-0.5343999229828451,-0.0
556,-0.9591854194462623,-0.0
557,-0.6941114674257007,-0.0
558,-0.7125499269510704,-0.0
559,-0.5633800789145751,-0.0
560,-0.42166869626715586,-0.0
561,-0.7908538246325245,-0.0
562,-0.5455323238770182,-0.0
563,-0.3329844157518581,-0.0
564,-0.39036663978349406,-0.0
565,-0.47835280909725425,-0.0
566,-0.5036085114388087,-0.0
567,-0.8213918844325552,-0.0
568,-0.7053471488423426,-0.0
569,-0.7781643356418759,-0.0
570,-0.5287640924180537,-0.0
571,-0.2468173284927745,-0.0
572,-0.6378384161290842,-0.0
573,-0.6566049235919381,-0.0
574,-0.18378247068318154,-0.0
575,-0.10273165269746609,-0.0
576,-0.4871842782125886,-0.0
577,-0.4895630935204115,-0.0
578,-0.09781717824146863,-0.0
579,-0.38523034251384625,-0.0
580,-0.35329365236653454,-0.0
581,-0.1858210523065767,-0.0
582,-0.4393116771338678,-0.0
583,-0.17196688586238512,-0.0
584,-0.2967067669568165,-0.0
585,-0.1521495190132917,-0.0
586,-0.18223874649283442,-0.0
587,0.2893505070409824,0.0
588,0.3197817801402537,0.0
589,0.3336833658035264,0.0
590,0.3325696820213693,0.0
591,0.07020238906600723,0.0
592,0.29454217203636723,0.0
593,0.24374303862491492,0.0
594,0.41540670666351426,0.0
595,0.42263151381344644,0.0
596,0.5463720646293059,0.0
597,0.668892192096062,0.0
598,0.515441945455444,0.0
599,0.512561240863614,0.0
600,0.37127584707142613,0.0
601,0.37827043631328927,0.0
602,0.3583427668253329,0.0
603,0.9216952640781204,0.0
604,0.7348246386633319,0.0
605,0.7267617180768118,0.0
606,0.6516103445362977,0.0
607,0.7643891358508681,0.0
608,0.6284459415852747,0.0
609,1.1856905947690013,0.0
610,0.7505253409113387,0.0
611,1.245417571542826,0.0
612,1.210165138050336,0.0
613,0.8781523169758668,0.0
614,1.2886106564860489,0.0
615,1.4016086690294067,0.0
616,0.9569544439039903,0.0
617,1.2811474888992318,0.0
618,1.4970195593678728,0.0
619,1.2627921474521653,0.0
620,1.2910124306860393,0.0
621,1.3497057965216273,0.0
622,1.580301778725618,0.0
623,1.3295358971424036,0.0
624,1.2924908227019039,0.0
625,1.9903383437682893,0.0
626,1.9971332588600812,0.0
627,1.8865499399433532,0.0
628,1.882843089718304,0.0
629,1.6665776074050107,0.0
630,1.5895275675741867,0.0
631,1.6814589460450962,0.0
632,1.9021584250170296,0.0
633,2.0064395638210324,0.0
634,2.2639314773832266,0.0
635,2.264789800414844,0.0
636,2.5446387057742066,0.0
637,2.484599064931215,0.0
638,2.141937724632882,0.0
639,2.2557679992956157,0.0
640,2.172384020423502,0.0
641,2.5602885270790483,0.0
642,2.6575576133048933,0.0
643,2.4731823994914603,0.0
644,2.9217990963179044,0.0
645,2.671194511934277,0.0
646,2.5800712990287282,0.0
647,3.0742694068189076,0.0
648,3.0826878669954,0.0
649,2.523918595870268,0.0
650,2.7759026222608383,0.0
651,2.8666769680311988,0.0
652,2.9478929233860978,0.0
653,3.2762559480097693,0.0
654,2.8878534530971454,0.0
655,3.425289505939358,0.0
656,2.8176446784611686,0.0
657,3.2764829794157944,0.0
658,3.013886444933961,0.0
659,3.0891654084379447,0.0
660,3.3837453570052265,0.0
661,3.49185046778095,0.0
662,3.693111885099454,0.0
663,3.140632518652284,0.0
664,3.526805027760793,0.0
665,3.7220036850113973,0.0
666,3.237347272747709,0.0
667,3.596134615441452,0.0
668,3.8772683480711594,0.0
669,3.326141279495635,0.0
670,3.3671593568882723,0.0
671,3.8674737275638904,0.0
672,3.5921618854978883,0.0
673,3.4580021958242426,0.0
674,3.5771915591763586,0.0
675,3.804661001491154,0.0
676,3.9299864148769017,0.0
677,3.8294014197469552,0.0
678,4.226299274934818,0.0
679,3.8722846194759803,0.0
680,3.795827304129789,0.0
681,4.037956608996876,0.0
682,3.751266963292692,0.0
683,3.7629431041226633,0.0
684,4.107836240045994,0.0
685,3.8746772671785585,0.0
686,4.0277051649704,0.0
687,4.00091022580972,0.0
688,4.211189810322945,0.0
689,4.082263992506318,0.0
690,4.501928053360442,0.0
691,4.298965636080672,0.0
692,4.550572661939523,0.0
693,4.191459980263922,0.0
694,4.426518349789211,0.0
695,4.386748303147965,0.0
696,4.227740568232097,0.0
697,4.433675195554909,0.0
698,4.44152117220235,0.0
699,4.6189126679235155,0.0
700,4.0842467757375145,0.0
701,4.470140547282701,0.0
702,4.276042650246079,0.0
703,4.555784665244146,0.0
704,4.53687652964026,0.0
705,4.546402171786387,0.0
706,4.371137946123218,0.0
707,4.5567788652170815,0.0
708,4.588625514189818,0.0
709,4.1457193186605314,0.0
710,4.361880301183134,0.0
711,4.001544248881054,0.0
712,4.579514361222397,0.0
713,3.992348265455229,0.0
714,4.362789376978713,0.0
715,4.486367632544799,0.0
716,4.294623776926322,0.0
717,4.2640388057422385,0.0
718,4.169662695937173,0.0
719,4.397656326374566,0.0
720,4.496784092844481,0.0
721,3.9266427565894544,0.0
722,4.486449248109686,0.0
723,4.164807595876411,0.0
724,4.307649681814406,0.0
725,4.405132201598201,0.0
726,3.926512142302592,0.0
727,3.928856029325893,0.0
728,4.303894199714421,0.0
729,4.415362941053613,0.0
730,4.02471735949125,0.0
731,3.8522126419265676,0.0
732,4.0537108246771405,0.0
733,3.7980480449112606,0.0
734,3.825384766413429,0.0
735,4.1120520862710075,0.0
736,3.961203388102916,0.0
737,4.044367532867296,0.0
738,3.6004688629389,0.0
739,4.000365406006644,0.0
740,3.556685327049157,0.0
741,3.8363071561762365,0.0
742,3.8661868883673782,0.0
743,3.5117028962903736,0.0
744,3.7051210388420595,0.0
745,3.3209949581284897,0.0
746,3.790643710869499,0.0
747,3.7251475175654054,0.0
748,3.259753898910954,0.0
749,3.640806577436879,0.0
750,3.317227188689036,0.0
751,3.224911947335777,0.0
752,3.470899355435316,0.0
753,3.301055539535357,0.0
754,3.350828112374989,0.0
755,3.40466883030795,0.0
756,3.102530782006457,0.0
757,3.221990004335633,0.0
758,3.2073370018266942,0.0
759,3.005939176220598,0.0
760,3.144476218998388,0.0
761,2.9365621549740664,0.0
762,2.9414398918720526,0.0
763,2.630068853635651,0.0
764,2.7250276338920054,0.0
765,2.8765390566619193,0.0
766,2.993001755390664,0.0
767,2.9500860602366195,0.0
768,2.411188502473247,0.0
769,2.4263682097724293,0.0
770,2.754856857260041,0.0
771,2.5657045222582795,0.0
772,2.633583335290064,0.0
773,2.4153968671207964,0.0
774,2.604778216294542,0.0
775,2.1387322032451506,0.0
776,2.422300640216898,0.0
777,2.074294175860366,0.0
778,1.914214066871332,0.0
779,2.407154907717916,0.0
780,2.418425609390734,0.0
781,1.7339120825528467,0.0
782,1.9798948037179054,0.0
783,1.8557898454211734,0.0
784,1.6786553183486155,0.0
785,1.9851531813553565,0.0
786,1.6491444215513782,0.0
787,1.6698519749513128,0.0
788,1.69724812275738,0.0
789,1.5817955776829455,0.0
790,1.8469189345779866,0.0
791,1.5798328432568263,0.0
792,1.7070013948432035,0.0
793,1.7272799543231765,0.0
794,1.151973421803681,0.0
795,1.2116620999291738,0.0
796,1.0700732019347443,0.0
797,1.3578558410646708,0.0
798,0.9801894845706359,0.0
799,1.4294504950923326,0.0
800,0.8105410207776053,0.0
801,1.1306098751183282,0.0
802,1.1644262512835182,0.0
803,1.11123414309166,0.0
804,0.979899701404729,0.0
805,0.9042762378586888,0.0
806,0.7926694797817095,0.0
807,1.0718694087947744,0.0
808,0.7580553567462052,0.0
809,0.8808574058784148,0.0
810,0.9520237278252525,0.0
811,0.7622646346814741,0.0
812,0.41134389620150913,0.0
813,0.8254118739265243,0.0
814,0.4144328579802721,0.0
815,0.7100631702810353,0.0
816,0.6203999638056082,0.0
817,0.12564233306665296,0.0
818,0.36822027777048283,0.0
819,0.07203112717278279,0.0
820,0.14902112531926762,0.0
821,0.04979605165394699,0.0
822,-0.030328212299580715,-0.0
823,0.3786678626457326,0.0
824,0.3047316361434137,0.0
825,0.361899213469002,0.0
826,-0.03732047320102466,-0.0
827,-0.1912135127526234,-0.0
828,0.05630447971660835,0.0
829,0.20559811435486586,0.0
830,-0.07690794508241172,-0.0
831,0.15223376557308888,0.0
832,0.06660815914383356,0.0
833,-0.008912747874463611,-0.0
834,-0.01233283291286813,-0.0
835,-0.24671626051881362,-0.0
836,-0.2495283060138727,-0.0
837,-0.32920021855431064,-0.0
838,-0.1811683291286535,-0.0
839,-0.6143386669953156,-0.0
840,-0.5172493974340232,-0.0
841,-0.30093012087329396,-0.0
842,-0.34011652987371505,-0.0
843,-0.40384873501556323,-0.0
844,-0.14270860414776776,-0.0
845,-0.5585620575137906,-0.0
846,-0.2300810768695868,-0.0
847,-0.3188843625606783,-0.0
848,-0.5986994973057034,-0.0
849,-0.8158567963604481,-0.0
850,-0.7054403001000457,-0.0
851,-0.848565855733247,-0.0
852,-0.521184957884393,-0.0
853,-0.5934364921937401,-0.0
854,-0.5687477488289681,-0.0
855,-0.6841941755683618,-0.0
856,-0.7097846781126034,-0.0
857,-0.6970145833938755,-0.0
858,-0.7174179255835793,-0.0
859,-0.34313079539721547,-0.0
860,-0.9794563150557833,-0.0
861,-0.366713844666267,-0.0
862,-0.47958886440863024,-0.0
863,-0.3874844352525224,-0.0
864,-0.7094508854384698,-0.0
865,-0.9041599463606513,-0.0
866,-0.5563107584745275,-0.0
867,-0.4889966466108344,-0.0
868,-0.8085072525069855,-0.0
869,-0.5228754076170392,-0.0
870,-0.7433517085278019,-0.0
871,-0.6774391145966181,-0.0
872,-0.4104375378907341,-0.0
873,-0.5395555496980726,-0.0
874,-0.6729679925109218,-0.0
875,-0.856716078531923,-0.0
876,-0.4833571276302258,-0.0
877,-0.688116699864748,-0.0
878,-0.7305803013279291,-0.0
879,-0.452209556235247,-0.0
880,-0.7026479472340902,-0.0
881,-0.3348213105070288,-0.0
882,-0.4219601827930172,-0.0
883,-0.6810029059211521,-0.0
884,-0.469125196584532,-0.0
885,-0.3267573056898376,-0.0
886,-0.6852625411567145,-0.0
887,-0.33761719516769645,-0.0
888,-0.5319998226839558,-0.0
889,-0.6514416854992474,-0.0
890,-0.3526383346824436,-0.0
891,-0.17287047115641524,-0.0
892,-0.07997054046378582,-0.0
893,-0.4074040960359434,-0.0
894,-0.39668288042227906,-0.0
895,-0.1689741958045723,-0.0
896,-0.43899937227773655,-0.0
897,-0.33132572813320893,-0.0
898,0.005317511774722339,0.0
899,-0.3430967323981186,-0.0
900,-0.2993637933261095,-0.0
901,-0.09318759893096212,-0.0
902,-0.1582538872439939,-0.0
903,0.34009773093669826,0.0
904,0.09027278356379465,0.0
905,-0.18230763105677958,-0.0
906,0.32377776977291955,0.0
907,-0.018946701264300023,-0.0
908,0.392011593976483,0.0
909,0.0016191487082006795,0.0
910,0.321525118533819,0.0
911,0.40807066666809283,0.0
912,0.5943515937130832,0.0
913,0.4392466137969055,0.0
914,0.7149605430049434,0.0
915,0.2602094803813571,0.0
916,0.7891064432185028,0.0
917,0.5462174115197065,0.0
918,0.5792059386512953,0.0
919,0.8586878579511052,0.0
920,0.5697848494665277,0.0
921,0.6724288076437571,0.0
922,1.075727192703715,0.0
923,0.7615121814901975,0.0
924,0.59886922811332,0.0
925,1.1223231375366358,0.0
926,0.7548231053662717,0.0
927,1.3800918262410884,0.0
928,1.000176106173806,0.0
929,1.1451627272278495,0.0
930,1.5157817913313218,0.0
931,1.5901240985050789,0.0
932,1.4717704087563515,0.0
933,1.6111621266226264,0.0
934,1.653681937027869,0.0
935,1.2974991034378514,0.0
936,1.4614644070394707,0.0
937,1.3964588547311425,0.0
938,1.4409878095410655,0.0
939,1.7259472024973805,0.0
940,2.0110666136836435,0.0
941,1.7285138568936316,0.0
942,1.9343500881051234,0.0
943,1.6813894623498857,0.0
944,2.2280157290207745,0.0
945,2.163657707424907,0.0
946,2.176060581268989,0.0
947,1.7560790104735535,0.0
948,1.9992366640715251,0.0
949,2.2564495824864808,0.0
950,2.1156394049424243,0.0
951,2.0837396089138327,0.0
952,2.111656780450754,0.0
953,2.4400002927446733,0.0
954,2.100372937220616,0.0
955,2.466073808646012,0.0
956,2.5290966179044996,0.0
957,2.3331346802551076,0.0
958,2.7483766130667595,0.0
959,2.724200966135115,0.0
960,2.910272190595093,0.0
961,2.6733862699647846,0.0
962,2.8061684403759757,0.0
963,2.727980236615016,0.0
964,3.1685580179849615,0.0
965,3.094424941865797,0.0
966,2.677062391472209,0.0
967,2.9875457360680455,0.0
968,3.150209414522485,0.0
969,3.2722695839633866,0.0
970,3.075956252650821,0.0
971,3.1972307623873863,0.0
972,3.501558135289405,0.0
973,3.500046530614789,0.0
974,3.1670562235826214,0.0
975,3.1294670135431906,0.0
976,3.28734075586103,0.0
977,3.6883242575553012,0.0
978,3.6917383151528425,0.0
979,3.3555161083468734,0.0
980,3.380720343998886,0.0
981,3.714742893527296,0.0
982,3.443952719477075,0.0
983,3.389036105047931,0.0
984,3.5940243957107523,0.0
985,4.000401728637531,0.0
986,3.467041089231423,0.0
987,4.078272839058383,0.0
988,3.797796132136721,0.0
989,3.691787684159994,0.0
990,4.014571213986345,0.0
991,3.5700465605748075,0.0
992,3.734064030987903,0.0
993,3.9241476540482627,0.0
994,4.235638459485546,0.0
995,3.7403177173787947,0.0
996,4.052533109760026,0.0
997,4.08133972891091,0.0
998,4.1152329163449854,0.0
999,4.2442253103993055,0.0
1000,3.8949339157193026,0.0
1001,3.8388427684095365,0.0
1002,4.118049818515476,0.0
1003,4.273791011850227,0.0
1004,4.130495839367341,0.0
1005,4.059778942809339,0.0
1006,4.170239289832244,0.0
1007,4.263532931910909,0.0
1008,4.230030729781619,0.0
1009,4.394280554457532,0.0
1010,4.545113982504328,0.0
1011,4.087338519960895,0.0
1012,4.600895274458465,0.0
1013,4.25217752787694,0.0
1014,4.489815389940155,0.0
1015,4.617462611842983,0.0
1016,4.21504379051804,0.0
1017,4.596432678504692,0.0
1018,4.661821970312541,0.0
1019,4.368804036990778,0.0
1020,4.031493526387952,0.0
1021,4.540176212524465,0.0
1022,4.1118014247540895,0.0
1023,4.092752229385965,0.0
1024,4.259368224869296,0.0
1025,4.121943720500431,0.0
1026,4.160734029180942,0.0
1027,4.305914491215636,0.0
1028,4.224477464566568,0.0
1029,4.007664510223698,0.0
1030,4.618748090203197,0.0
1031,4.10778907867519,0.0
1032,4.162284736851899,0.0
1033,4.0959014634943935,0.0
1034,4.047047961701019,0.0
1035,4.0742377857501,0.0
1036,4.030942941561682,0.0
1037,4.232071269446321,0.0
1038,4.31437792559703,0.0
1039,4.106727187118889,0.0
1040,4.08303942507116,0.0
1041,4.211725379623089,0.0
1042,4.364102458628596,0.0
1043,3.9812328005640127,0.0
1044,3.9652699939886396,0.0
1045,4.0875302388358,0.0
1046,4.23654821916019,0.0
1047,4.091135750628592,0.0
1048,3.729958789042014,0.0
1049,3.6724876330752263,0.0
1050,4.045294688258737,0.0
1051,3.891638553578399,0.0
1052,3.807219508412422,0.0
1053,4.030616134164538,0.0
1054,3.602161677089589,0.0
1055,3.5038960053740213,0.0
1056,4.06324204659578,0.0
1057,3.708150977754804,0.0
1058,3.462557084690063,0.0
1059,3.3472720641908396,0.0
1060,3.861498164652986,0.0
1061,3.641844983542841,0.0
1062,3.8355097012333585,0.0
1063,3.3908106203298614,0.0
1064,3.2512863422084695,0.0
1065,3.3375582009249443,0.0
1066,3.2563211632043862,0.0
1067,3.1159371774309133,0.0
1068,3.1298617513938725,0.0
1069,3.199220371299031,0.0
1070,3.393991159218817,0.0
1071,2.989138454112469,0.0
1072,3.3286181822110668,0.0
1073,3.4204526343780692,0.0
1074,2.7748941119636066,0.0
1075,2.718168563657155,0.0
1076,3.1749084981375506,0.0
1077,2.900701743301374,0.0
1078,2.889141956265428,0.0
1079,2.9406710286273907,0.0
1080,2.5729090452340246,0.0
1081,3.019201980620768,0.0
1082,2.7651929285421946,0.0
1083,2.5858176686069685,0.0
1084,2.4592986878307173,0.0
1085,2.8425572416968037,0.0
1086,2.3311470783342436,0.0
1087,2.7711988246403108,0.0
1088,2.4119220195237117,0.0
1089,2.240496794617574,0.0
1090,2.296811188025431,0.0
1091,1.9421433163774324,0.0
1092,1.9509548155492278,0.0
1093,2.461546611529655,0.0
1094,2.091524747636937,0.0
1095,2.3417224897289293,0.0
1096,2.1078636558582287,0.0
1097,1.849907373034848,0.0
1098,1.9156971594230874,0.0
1099,1.5357872833942152,0.0
1100,1.882163447226871,0.0
1101,2.0686598994489667,0.0
1102,2.0440578611467104,0.0
1103,1.3569813780248623,0.0
1104,1.634909866053579,0.0
1105,1.5794096720938402,0.0
1106,1.7665180628592219,0.0
1107,1.6710220083220113,0.0
1108,1.5615866205553963,0.0
1109,1.4863150334993753,0.0
1110,1.4868243473630698,0.0
1111,1.0554863433119628,0.0
1112,1.2706440315565746,0.0
1113,1.3142910444202398,0.0
1114,1.1513255414182288,0.0
1115,1.2808471301455655,0.0
1116,0.7849104143259575,0.0
1117,1.247998747801078,0.0
1118,0.783501942112829,0.0
1119,0.6003805444783793,0.0
1120,1.1205003757062921,0.0
1121,0.9519799156780844,0.0
1122,0.8511509081414328,0.0
1123,0.6123747419067237,0.0
1124,0.7291012420685348,0.0
1125,0.6620062545426508,0.0
1126,0.3713050546981037,0.0
1127,0.380124076819372,0.0
1128,0.2532350512656089,0.0
1129,0.34100880632208075,0.0
1130,0.3011047693720911,0.0
1131,0.5622177830651165,0.0
1132,0.3992611927865046,0.0
1133,-0.04880341246350121,-0.0
1134,0.319948133121095,0.0
1135,0.4217326278557558,0.0
1136,0.42203742718293624,0.0
1137,0.4235841560245769,0.0
1138,-0.09765569136969754,-0.0
1139,-0.08712691902777406,-0.0
1140,0.2984288897260515,0.0
1141,0.29225168463150963,0.0
1142,0.20863778888981532,0.0
1143,-0.13375350186090174,-0.0
1144,0.15048604069839422,0.0
1145,0.18518549690454889,0.0
1146,-0.186466235612683,-0.0
1147,-0.3925576124431909,-0.0
1148,0.007927640097505906,0.0
1149,-0.13924561092067228,-0.0
1150,-0.2719301924098307,-0.0
1151,-0.27311898270242646,-0.0
1152,-0.028432369504162613,-0.0
1153,-0.6371422318320116,-0.0
1154,-0.2900941603030743,-0.0
1155,-0.29949481981250375,-0.0
1156,-0.466764087932716,-0.0
1157,-0.24617279526861247,-0.0
1158,-0.598342912575529,-0.0
1159,-0.20992699789436076,-0.0
1160,-0.3879896821605165,-0.0
1161,-0.5628405492841413,-0.0
1162,-0.6240762351860857,-0.0
1163,-0.6465861018224156,-0.0
1164,-0.3235035244571197,-0.0
1165,-0.5222401070899265,-0.0
1166,-0.3112430119665518,-0.0
1167,-0.5577488447275165,-0.0
1168,-0.4630987295314471,-0.0
1169,-0.36685606363476764,-0.0
1170,-0.9246974140746407,-0.0
1171,-0.40451510764162457,-0.0
1172,-0.978430714091325,-0.0
1173,-0.9456212795131295,-0.0
1174,-0.6723192463234133,-0.0
1175,-0.5439805252732632,-0.0
1176,-0.9930818462544158,-0.0
1177,-0.3560611260401082,-0.0
1178,-0.9247763563230448,-0.0
1179,-0.9680704796240942,-0.0
1180,-0.3399717736990474,-0.0
1181,-0.3434975443311611,-0.0
1182,-0.3342709788152046,-0.0
1183,-0.3899801830457269,-0.0
1184,-0.3959227456918393,-0.0
1185,-0.4738308431773093,-0.0
1186,-0.8571977081865022,-0.0
1187,-0.3484927497258882,-0.0
1188,-0.8427790047909594,-0.0
1189,-0.6098104458645124,-0.0
1190,-0.89699156618382,-0.0
1191,-0.3685389743673594,-0.0
1192,-0.7590716036942522,-0.0
1193,-0.8301815430413678,-0.0
1194,-0.44029592680533597,-0.0
1195,-0.4981008664577833,-0.0
1196,-0.5717036573853806,-0.0
1197,-0.48063393888582606,-0.0
1198,-0.15235051812606681,-0.0
1199,-0.4702198488395232,-0.0
1200,-0.5899192566610483,-0.0
1201,-0.7248766513246778,-0.0
1202,-0.49775156558212175,-0.0
1203,-0.574872964809708,-0.0
1204,-0.2996699458252606,-0.0
1205,-0.1169647667511563,-0.0
1206,-0.1584138276270719,-0.0
1207,-0.1762469079567106,-0.0
1208,-0.1854293522111739,-0.0
1209,-0.03900174511825122,-0.0
1210,-0.09575863507392918,-0.0
1211,0.07676703256866058,0.0
1212,-0.057629523764322066,-0.0
1213,0.005971858527136387,0.0
1214,0.13954660337183167,0.0
1215,-0.24313760168614512,-0.0
1216,-0.08398195883804047,-0.0
1217,-0.10626786171251523,-0.0
1218,-0.04521941381415409,-0.0
1219,-0.19700960573787044,-0.0
1220,-0.09145233614200765,-0.0
1221,0.22172644433424954,0.0
1222,0.37514139050970025,0.0
1223,0.13928937715057388,0.0
1224,0.30941036368271174,0.0
1225,0.04912967270647828,0.0
1226,0.2520972948408654,0.0
1227,0.4665470683917196,0.0
1228,0.7882673855006688,0.0
1229,0.6804246263355478,0.0
1230,0.5342054455536371,0.0
1231,0.3592591507635814,0.0
1232,0.7954605454901005,0.0
1233,0.7670077277428733,0.0
1234,0.6442684815697507,0.0
1235,0.5821145518072347,0.0
1236,0.9811420542108362,0.0
1237,1.0210736559471425,0.0
1238,0.8351782813190055,0.0
1239,0.7758266924019198,0.0
1240,1.0156016900851488,0.0
1241,0.9971701595673942,0.0
1242,1.331361871724232,0.0
1243,1.298404578846378,0.0
1244,0.9740170356773433,0.0
1245,1.1751967966089245,0.0
1246,1.2174756277732066,0.0
1247,1.0259266924154957,0.0
1248,1.2622954753797901,0.0
1249,1.4649593173290683,0.0
1250,1.317190556504978,0.0
1251,1.4297968297737336,0.0
1252,1.8619559119435087,0.0
1253,1.7358563875201813,0.0
1254,1.894749955688414,0.0
1255,1.610947199341174,0.0
1256,2.0422507247823636,0.0
1257,1.7047607164635041,0.0
1258,1.9489777283613383,0.0
1259,2.0700516394349004,0.0
1260,2.0967587074917753,0.0
1261,2.024844899850301,0.0
1262,1.9868419307778844,0.0
1263,2.384093844086065,0.0
1264,2.299280093202055,0.0
1265,2.0377813633321464,0.0
1266,2.434223342657829,0.0
1267,2.511366730301159,0.0
1268,2.4294002961525796,0.0
1269,2.4530935998786196,0.0
1270,2.7279052092712726,0.0
1271,2.5178184715815055,0.0
1272,2.7091285395623115,0.0
1273,2.5636565098858517,0.0
1274,2.843637573395518,0.0
1275,2.5721940404778105,0.0
1276,3.0024532937619797,0.0
1277,2.7644099711021317,0.0
1278,3.195698280436636,0.0
1279,2.9302049677499142,0.0
1280,3.2871547655132693,0.0
1281,2.8132970755547295,0.0
1282,2.896195699223953,0.0
1283,3.2251646591807552,0.0
1284,2.986964021732244,0.0
1285,3.102613458508713,0.0
1286,2.9691126052329078,0.0
1287,3.2603897481757347,0.0
1288,3.3661754655695133,0.0
1289,3.23252870376474,0.0
1290,3.5463028423926017,0.0
1291,3.559372532354451,0.0
1292,3.3955273944532838,0.0
1293,3.602305505968022,0.0
1294,3.8192965424557697,0.0
1295,3.3526622512753845,0.0
1296,3.647696894244758,0.0
1297,3.3380420986376356,0.0
1298,3.9934900562529863,0.0
1299,3.7796454605433016,0.0
1300,3.8327467184972024,0.0
1301,3.594572552165433,0.0
1302,4.057495612153427,0.0
1303,3.5658779606443556,0.0
1304,4.087572712016863,0.0
1305,4.017560088319929,0.0
1306,4.118651544711059,0.0
1307,3.723656840662052,0.0
1308,3.9649495690357868,0.0
1309,3.7880938995048066,0.0
1310,4.055832487633631,0.0
1311,3.779979837418522,0.0
1312,4.0176872091144356,0.0
1313,4.41590069956825,0.0
1314,3.85410921342627,0.0
1315,4.408483581082994,0.0
1316,4.1972541478703835,0.0
1317,4.152609619655958,0.0
1318,4.4702476638876805,0.0
1319,4.1745513414020285,0.0
1320,4.497013026996209,0.0
1321,4.109194419269569,0.0
1322,4.151700940161481,0.0
1323,4.445356410499158,0.0
1324,4.208783852714239,0.0
1325,4.304049631992754,0.0
1326,4.119977146324282,0.0
1327,4.289493592733143,0.0
1328,4.473220167720786,0.0
1329,4.448641180421782,0.0
1330,4.287931563129463,0.0
1331,4.125647679624365,0.0
1332,4.6344673539688515,0.0
1333,4.139516195317907,0.0
1334,4.0377066126396945,0.0
1335,4.647277722036589,0.0
1336,4.446188901013277,0.0
1337,4.559071905474043,0.0
1338,4.505511869473631,0.0
1339,4.3992904869484075,0.0
1340,4.64464762023511,0.0
1341,4.383997541551698,0.0
1342,4.585040584082721,0.0
1343,4.295442025645022,0.0
1344,4.604819539185865,0.0
1345,4.389959344076565,0.0
1346,4.382545733891321,0.0
1347,4.236801780849257,0.0
1348,4.479743132332405,0.0
1349,4.500660274725985,0.0
1350,4.107704987679613,0.0
1351,4.368470329881156,0.0
1352,4.4841928217022975,0.0
1353,4.041290159471761,0.0
1354,4.4835367208638175,0.0
1355,3.974607479805241,0.0
1356,4.106943191209032,0.0
1357,4.246464960182391,0.0
1358,3.8745691839059377,0.0
1359,3.7889748989964365,0.0
1360,3.9952915702360148,0.0
1361,3.9554429881087207,0.0
1362,3.859154509491481,0.0
1363,3.826725385988685,0.0
1364,4.074720487422381,0.0
1365,3.8930688001623412,0.0
1366,3.8164284307904435,0.0
1367,3.777935277026859,0.0
1368,3.5021357703718796,0.0
1369,3.7071469195029154,0.0
1370,3.5671115158005966,0.0
1371,3.9264620901682394,0.0
1372,3.590152412072654,0.0
1373,3.6233896795017593,0.0
1374,3.298899210385087,0.0
1375,3.340697999297188,0.0
1376,3.781291903511689,0.0
1377,3.4542660350881973,0.0
1378,3.34444334424129,0.0
1379,3.7112244239046377,0.0
1380,3.2722582982795467,0.0
1381,3.4183518370361874,0.0
1382,3.0774103074521864,0.0
1383,3.5224541758229773,0.0
1384,3.2649773297304185,0.0
1385,3.0118701294743575,0.0
1386,3.270000522999574,0.0
1387,3.2636586966329126,0.0
1388,2.826624055366739,0.0
1389,3.026223187712541,0.0
1390,2.9606173825344704,0.0
1391,2.9148448076805735,0.0
1392,2.6097394534253815,0.0
1393,3.1386376811431544,0.0
1394,3.0161574637168305,0.0
1395,2.9190180296281607,0.0
1396,2.675026739803766,0.0
1397,2.4844991270027337,0.0
1398,2.5118133655695414,0.0
1399,2.56762873920646,0.0
1400,2.840904759292163,0.0
1401,2.327208564743482,0.0
1402,2.095266927806594,0.0
1403,2.185531641609438,0.0
1404,2.2409384973555158,0.0
1405,2.3921010541237333,0.0
1406,1.9323150443991908,0.0
1407,2.0795290879371344,0.0
1408,2.3828593990994618,0.0
1409,2.189465941805103,0.0
1410,2.100263800280712,0.0
1411,2.0565266242319438,0.0
1412,1.9320399685279743,0.0
1413,1.5779310348561397,0.0
1414,1.5391583064195236,0.0
1415,1.9650027454221348,0.0
1416,1.8713442044832007,0.0
1417,1.424212316562022,0.0
1418,1.5033900460560243,0.0
1419,1.272845462360391,0.0
1420,1.3393586525660681,0.0
1421,1.638384039382753,0.0
1422,1.3666299312704489,0.0
1423,1.1045784563361218,0.0
1424,1.1036771913531347,0.0
1425,1.5057311539087186,0.0
1426,0.9179431274518298,0.0
1427,1.5077017498052907,0.0
1428,1.3906114903689428,0.0
1429,1.0430510027358362,0.0
1430,1.0137367699299922,0.0
1431,0.7794059461658853,0.0
1432,0.9421509924914968,0.0
1433,0.6014296970559218,0.0
1434,1.141403246249165,0.0
1435,1.0050703986828884,0.0
1436,0.7820505405315001,0.0
1437,0.5892432606810668,0.0
1438,0.37623302753924553,0.0
1439,0.5069035297252623,0.0
1440,0.6991814109809842,0.0
1441,0.8530015375847121,0.0
1442,0.4025912042769577,0.0
1443,0.7437342301121826,0.0
1444,0.5220588802610493,0.0
1445,0.4978880550493727,0.0
1446,0.5378306113155602,0.0
1447,0.5791853379930262,0.0
1448,0.2832312564464561,0.0
1449,0.4437638123018943,0.0
1450,0.5005250044958137,0.0
1451,0.08241695200742688,0.0
1452,0.0962515391332402,0.0
1453,-0.011540408070512376,-0.0
1454,0.3412502369159165,0.0
1455,-0.25163859868501537,-0.0
1456,0.1612321859156135,0.0
1457,-0.23731925214109442,-0.0
1458,-0.05786007191559506,-0.0
1459,-0.3808723043809086,-0.0
1460,-0.4017331498767723,-0.0
1461,0.10490917414629009,0.0
1462,-0.30164816047635745,-0.0
1463,-0.4328400729561187,-0.0
1464,-0.008214753850859347,-0.0
1465,-0.13490043732706047,-0.0
1466,-0.39402666752566545,-0.0
1467,-0.3317498421760501,-0.0
1468,-0.1559575579079544,-0.0
1469,-0.47214615658712306,-0.0
1470,-0.11568180229154501,-0.0
1471,-0.6900895700494184,-0.0
1472,-0.6829471804901499,-0.0
1473,-0.3965528405898862,-0.0
1474,-0.30556299483111193,-0.0
1475,-0.6101246611213312,-0.0
1476,-0.6309112517571561,-0.0
1477,-0.224850178456924,-0.0
1478,-0.34860913674740834,-0.0
1479,-0.4062343462607291,-0.0
1480,-0.6373370358675097,-0.0
1481,-0.8803467922536472,-0.0
1482,-0.49620615576912486,-0.0
1483,-0.8657725978738009,-0.0
1484,-0.6413291945963882,-0.0
1485,-0.6879070166306538,-0.0
1486,-0.623377227068519,-0.0
1487,-0.7070843001753113,-0.0
1488,-0.9802702949057824,-0.0
1489,-0.6658112422284708,-0.0
1490,-0.7377807284804738,-0.0
1491,-0.4000643178002522,-0.0
1492,-0.5452786281239737,-0.0
1493,-0.7707429228463754,-0.0
1494,-0.39257250761784257,-0.0
1495,-0.7521556904754193,-0.0
1496,-0.9672332871902313,-0.0
1497,-0.3376377204362734,-0.0
1498,-0.3688650979543021,-0.0
1499,-0.4072661691169901,-0.0
1500,-0.7801439195010222,-0.0
1501,-0.4129055167482153,-0.0
1502,-0.8147068405633587,-0.0
1503,-0.4198064793371993,-0.0
1504,-0.3483185685837805,-0.0
1505,-0.9109267155911566,-0.0
1506,-0.8483518280845195,-0.0
1507,-0.841066362171746,-0.0
1508,-0.5595173077010269,-0.0
1509,-0.7646878378302759,-0.0
1510,-0.8175764447869341,-0.0
1511,-0.4655958319974325,-0.0
1512,-0.5182255940663243,-0.0
1513,-0.5306687125969132,-0.0
1514,-0.10719878829078278,-0.0
1515,-0.6300815743988576,-0.0
1516,-0.5823399615728418,-0.0
1517,-0.09796075783234726,-0.0
1518,-0.03326118044431958,-0.0
1519,-0.6018510950116712,-0.0
1520,-0.18335076291663177,1.0
1521,0.8529553001325914,1.0
1522,0.19803679500858418,1.0
1523,0.42047392522566057,1.0
1524,0.28329654781382424,1.0
1525,0.2932894605343165,1.0
1526,0.313120642806042,1.0
1527,0.2331033058833452,1.0
1528,0.07977596949709626,1.0
1529,-0.23177658740377532,1.0
1530,0.517524388712608,1.0
1531,0.7417080739884594,1.0
1532,0.6013458994772206,1.0
1533,0.4234661484944182,1.0
1534,1.2589298941928124,1.0
1535,0.5509145826684664,1.0
1536,1.0284619172155633,1.0
1537,1.3867014434397718,1.0
1538,1.1444361931809164,1.0
1539,0.9982376145242144,1.0
1540,0.39363430409462774,1.0
1541,1.1012949675993804,1.0
1542,1.1902374496097297,1.0
1543,1.3952683634683298,1.0
1544,1.265451959683631,1.0
1545,0.324218530785606,1.0
1546,0.40315982712493464,1.0
1547,1.8898739048874191,1.0
1548,1.123254450537217,1.0
1549,1.4057888864294024,1.0
1550,1.5504980495440657,1.0
1551,1.7070716207231218,1.0
1552,0.7474156519674766,1.0
1553,1.9760095437299334,1.0
1554,1.8133100412790166,1.0
1555,1.0217097633506407,1.0
1556,1.9611465418668375,1.0
1557,1.2280841598945849,1.0
1558,1.0498024483955237,1.0
1559,1.9875324218658383,1.0
1560,1.70501213291911,1.0
1561,2.383398073328856,1.0
1562,1.4291750637521794,1.0
1563,2.4251507040091957,1.0
1564,2.6012505163815796,1.0
1565,1.5975065677136282,1.0
1566,2.7681445622001606,1.0
1567,2.5458882551583395,1.0
1568,2.408478002304295,1.0
1569,2.365501533507557,1.0
1570,2.6448127771936987,1.0
1571,2.3184319865890837,1.0
1572,1.9086062770164196,1.0
1573,2.3274558852357807,1.0
1574,2.1743173942517444,1.0
1575,2.9218754301071628,1.0
1576,2.546124431661796,1.0
1577,2.643998723656252,1.0
1578,2.252052006731735,1.0
1579,2.2794718914709495,1.0
1580,2.792512682482792,1.0
1581,3.4490159959300075,1.0
1582,2.3327830572074353,1.0
1583,3.5084878443594225,1.0
1584,2.9743973332723996,1.0
1585,2.825635920578619,1.0
1586,3.0736705599237792,1.0
1587,3.458812211265374,1.0
1588,2.731730330443164,1.0
1589,3.239380940071441,1.0
1590,2.922252710638632,1.0
1591,3.1699888095540487,1.0
1592,3.0013063080017948,1.0
1593,4.067918109343572,1.0
1594,3.8973942842379214,1.0
1595,3.397483094547563,1.0
1596,3.4689667946654135,1.0
1597,3.854127261357367,1.0
1598,4.147717819094973,1.0
1599,3.588307182597922,1.0
1600,3.7918356425935245,1.0
1601,3.8683541379268847,1.0
1602,4.119957294811067,1.0
1603,3.9844881480014194,1.0
1604,3.885342635844917,1.0
1605,3.8409110635167787,1.0
1606,3.6775935990245525,1.0
1607,3.7500697370917555,1.0
1608,3.254763092574155,1.0
1609,4.6703501236191896,1.0
1610,4.0364524698933,1.0
1611,4.382763213475909,1.0
1612,3.97385776788579,1.0
1613,4.808267744656373,1.0
1614,4.051649817197522,1.0
1615,4.619890187083285,1.0
1616,4.35070409601896,1.0
1617,4.812847571620133,1.0
1618,4.232576274735865,1.0
1619,3.702276899176284,1.0
1620,4.5641260875989165,1.0
1621,4.636159543196752,1.0
1622,4.7002048748454825,1.0
1623,4.403695765052047,1.0
1624,4.186796248938944,1.0
1625,4.739007865828152,1.0
1626,4.166009351878655,1.0
1627,4.448981226550748,1.0
1628,4.676586644825581,1.0
1629,4.045018091686174,1.0
1630,4.789726269808627,1.0
1631,4.27554630844234,1.0
1632,4.675049951135769,1.0
1633,4.816961073138894,1.0
1634,4.761095753854001,1.0
1635,4.287659651289427,1.0
1636,4.687571021416824,1.0
1637,5.257975287695231,1.0
1638,4.9241612599029025,1.0
1639,4.823412159856291,1.0
1640,5.062669783014455,1.0
1641,5.075133299715471,1.0
1642,5.165236354016515,1.0
1643,5.290455232777471,1.0
1644,5.069088771394449,1.0
1645,4.785613741433299,1.0
1646,4.51690854658076,1.0
1647,4.647360115182811,1.0
1648,4.4804446779720815,1.0
1649,4.80239964423142,1.0
1650,4.570114595144367,1.0
1651,4.366111953697953,1.0
1652,4.759227077288964,1.0
1653,5.0717506315108585,1.0
1654,4.872674858049025,1.0
1655,4.157882421753536,1.0
1656,5.546561351139166,1.0
1657,4.780335307120399,1.0
1658,5.134127964975165,1.0
1659,4.7907729373926315,1.0
1660,4.688637496317192,1.0
1661,5.1787942676093675,1.0
1662,4.889778508110431,1.0
1663,4.351861276388762,1.0
1664,5.3552610623976635,1.0
1665,4.796644978056164,1.0
1666,4.741224430226502,1.0
1667,4.996992251154869,1.0
1668,4.7278367597269195,1.0
1669,4.195823074505384,1.0
1670,5.156795724962298,1.0
1671,4.668416610922848,1.0
1672,4.266511048694696,1.0
1673,4.2511449590899,1.0
1674,5.292735005155497,1.0
1675,4.5824849999331,1.0
1676,4.617200407092422,1.0
1677,4.750213486374057,1.0
1678,4.8220851763379695,1.0
1679,4.692479789274155,1.0
1680,5.100634992437877,1.0
1681,4.691037171777448,1.0
1682,3.735091826285279,1.0
1683,3.6566089202971352,1.0
1684,4.185973150833383,1.0
1685,4.89193153880285,1.0
1686,3.8957145829063764,1.0
1687,4.702704697687459,1.0
1688,3.835798419400541,1.0
1689,4.00640514958423,1.0
1690,4.259581869593777,1.0
1691,4.122367444669832,1.0
1692,3.5666033419003607,1.0
1693,4.3125723303797425,1.0
1694,3.824618933681809,1.0
1695,4.142975324057078,1.0
1696,4.12061279572761,1.0
1697,3.7386719402761095,1.0
1698,3.97809318898726,1.0
1699,3.090682836463875,1.0
1700,3.4231940191691352,1.0
1701,3.217672269782551,1.0
1702,3.9749587400538706,1.0
1703,3.580130721209115,1.0
1704,2.8611979439546293,1.0
1705,3.548012008977898,1.0
1706,3.687005490508132,1.0
1707,3.9532102646685114,1.0
1708,3.925228820716849,1.0
1709,3.621762333872314,1.0
1710,3.336401185081844,1.0
1711,2.9850765562413697,1.0
1712,2.438965524791524,1.0
1713,3.4688326301873698,1.0
1714,3.314379006462973,1.0
1715,3.019827068520981,1.0
1716,3.4786212742374514,1.0
1717,2.675116760821591,1.0
1718,3.155585911828693,1.0
1719,2.929953013617502,1.0
1720,3.141998549419674,1.0
1721,2.676121362923177,1.0
1722,2.9130751196205784,1.0
1723,2.146388839339358,1.0
1724,3.008902835187471,1.0
1725,2.496303294853616,1.0
1726,2.5303138473857287,1.0
1727,2.6799605985052652,1.0
1728,2.7699017673509143,1.0
1729,2.097651452984154,1.0
1730,2.2450213154877217,1.0
1731,2.3739925852647836,1.0
1732,2.2854543682164468,1.0
1733,1.9844888886858176,1.0
1734,2.3857995088989554,1.0
1735,2.547860840499241,1.0
1736,1.2495059442325969,1.0
1737,2.254857765173404,1.0
1738,1.6239621382657767,1.0
1739,1.832142089885032,1.0
1740,1.823994585005546,1.0
1741,1.69136896376703,1.0
1742,1.7881386596857072,1.0
1743,1.8564907005587237,1.0
1744,1.3615436216013153,1.0
1745,1.1200496503531012,1.0
1746,1.449301604445615,1.0
1747,1.0558469536382353,1.0
1748,1.2312143461026275,1.0
1749,1.2480018141605582,1.0
1750,0.849804812183367,1.0
1751,1.3201619092301402,1.0
1752,1.0193418427588243,1.0
1753,1.6637167227644776,1.0
1754,1.8550424365619946,1.0
1755,0.4247318984281258,1.0
1756,0.9498601056310593,1.0
1757,1.2579033101795059,1.0
1758,0.43641908286966413,1.0
1759,0.4983564275004633,1.0
1760,0.4499198746479422,1.0
1761,1.217320003571666,1.0
1762,1.0418381644034054,1.0
1763,0.7431099282501176,1.0
1764,0.8288166845235696,1.0
1765,0.9752007302129103,1.0
1766,0.9617434449559772,1.0
1767,0.43229880858470104,1.0
1768,0.5647265236763488,1.0
1769,0.9486997173728549,1.0
1770,0.23513707030708256,1.0
1771,0.3362410118621647,1.0
1772,0.7720680076023868,1.0
1773,0.6179640520272649,1.0
1774,0.3633528150804657,1.0
1775,0.6931746633995155,1.0
1776,0.23870151654183164,1.0
1777,0.17754172745155877,1.0
1778,0.32503903357357805,1.0
1779,0.7481147808217254,1.0
1780,-0.18292240236309898,1.0
1781,-0.0030554621981079277,1.0
1782,0.0686224311021677,1.0
1783,-0.03893269241685904,1.0
1784,-0.18648976886024693,1.0
1785,0.14792197532361911,1.0
1786,-0.35900562967897953,1.0
1787,-0.502647068995048,1.0
1788,-0.3668613854189877,1.0
1789,-0.2638356135788462,1.0
1790,0.393503222749935,1.0
1791,-0.15636121526727198,1.0
1792,0.24628368987600346,1.0
1793,0.0790277360502214,1.0
1794,0.29650978618890467,1.0
1795,-0.04179700412374776,1.0
1796,0.18639051775261362,1.0
1797,0.42154703983140707,1.0
1798,-0.1950096815170661,1.0
1799,0.011882005748265034,1.0
1800,-0.31870660242554216,-0.0
1801,-0.8522520790811193,-0.0
1802,-0.3469153800061274,-0.0
1803,-0.5346856153821047,-0.0
1804,-0.48261587316807053,-0.0
1805,-0.7772936533680802,-0.0
1806,-0.5711940185861308,-0.0
1807,-0.8965142928932194,-0.0
1808,-0.8917189509890414,-0.0
1809,-0.41965996418781726,-0.0
1810,-0.8301496388035615,-0.0
1811,-0.8709528356400972,-0.0
1812,-0.9142117000301551,-0.0
1813,-0.6731111071220612,-0.0
1814,-0.39199384968656326,-0.0
1815,-0.3751669207527567,-0.0
1816,-0.9027340220333954,-0.0
1817,-0.5136505785845134,-0.0
1818,-0.3154968896699851,-0.0
1819,-0.4889846718061903,-0.0
1820,-0.806808033486955,-0.0
1821,-0.798327715328386,-0.0
1822,-0.2748382358037703,-0.0
1823,-0.8205986297933999,-0.0
1824,-0.7433425516930415,-0.0
1825,-0.30165931869888485,-0.0
1826,-0.5274906055404138,-0.0
1827,-0.36395387541992336,-0.0
1828,-0.22075341022779116,-0.0
1829,-0.36689393013401056,-0.0
1830,-0.1537369002808262,-0.0
1831,-0.29671103853818465,-0.0
1832,-0.518658298004942,-0.0
1833,-0.34815166053704866,-0.0
1834,-0.008127948401053575,-0.0
1835,-0.17031845969090575,-0.0
1836,-0.15133806309379838,-0.0
1837,-0.367923175157132,-0.0
1838,-0.24860427743935082,-0.0
1839,0.15747022681205125,0.0
1840,0.0401654994523597,0.0
1841,0.15267023607371655,0.0
1842,-0.18157360233009986,-0.0
1843,-0.05661308800592296,-0.0
1844,0.14351123016632544,0.0
1845,-0.043106400826502383,-0.0
1846,0.12925460156172303,0.0
1847,0.04518908363041918,0.0
1848,-0.027330515570070713,-0.0
1849,0.4879683561731444,0.0
1850,0.25234765444242746,0.0
1851,-0.06660820801096075,-0.0
1852,0.5983025203840765,0.0
1853,0.5164763261443955,0.0
1854,0.5478407382842863,0.0
1855,0.16644471983890768,0.0
1856,0.727698751792648,0.0
1857,0.8083200554328489,0.0
1858,0.4963740744421674,0.0
1859,0.36613614920787124,0.0
1860,0.49275538476233405,0.0
1861,0.9162652105731592,0.0
1862,0.9241021673478692,0.0
1863,0.8744925081432295,0.0
1864,0.5480936711370082,0.0
1865,0.8513582406651574,0.0
1866,0.7813827644251363,0.0
1867,0.7411334042665044,0.0
1868,1.143265469644113,0.0
1869,1.2404254205936582,0.0
1870,1.2946560481743754,0.0
1871,1.2242655005019496,0.0
1872,1.4493728942536093,0.0
1873,1.299718457584759,0.0
1874,1.5323283446256255,0.0
1875,1.610448393189524,0.0
1876,1.7053512306690592,0.0
1877,1.1606436277668701,0.0
1878,1.5071923955299174,0.0
1879,1.23817097829766,0.0
1880,1.4463786677355246,0.0
1881,1.6352817413958793,0.0
1882,1.7815582977471671,0.0
1883,1.4194478594635072,0.0
1884,1.5711303854548826,0.0
1885,1.986184723509889,0.0
1886,2.072964475639187,0.0
1887,2.0063343511092624,0.0
1888,1.9363054255960959,0.0
1889,1.9683040406100905,0.0
1890,2.0306035014333634,0.0
1891,2.3234140727849484,0.0
1892,2.201864559942264,0.0
1893,2.3641458430267157,0.0
1894,2.3199723367783456,0.0
1895,2.3797833145422356,0.0
1896,2.383826735132204,0.0
1897,2.3692824631453253,0.0
1898,2.4134243423140527,0.0
1899,2.7646257538247103,0.0
1900,2.2656728394617276,0.0
1901,2.646079379657311,0.0
1902,3.0002789585786855,0.0
1903,2.857775658233951,0.0
1904,3.0617583283678935,0.0
1905,2.6740967182415116,0.0
1906,2.9778652343947383,0.0
1907,2.8145508202115215,0.0
1908,2.794739496595743,0.0
1909,3.1288444503431267,0.0
1910,3.0765160976474357,0.0
1911,3.395863629478616,0.0
1912,3.387034698451871,0.0
1913,3.4111388497296344,0.0
1914,3.458885177039842,0.0
1915,3.2572975489435603,0.0
1916,3.243382472542518,0.0
1917,3.4903766826741354,0.0
1918,3.100342814588744,0.0
1919,3.1757594462080343,0.0
1920,3.369688757024612,0.0
1921,3.6208475956274273,0.0
1922,3.297772238792428,0.0
1923,3.304343175888015,0.0
1924,3.542345314592529,0.0
1925,3.460718872109746,0.0
1926,3.8456238302338,0.0
1927,3.9176233164553875,0.0
1928,3.78766168811636,0.0
1929,3.662335008948846,0.0
1930,3.642549117052508,0.0
1931,3.5069565977472195,0.0
1932,3.607583466797059,0.0
1933,3.8776579081573215,0.0
1934,3.8566696738818274,0.0
1935,3.9750737624103376,0.0
1936,4.201975401158585,0.0
1937,4.283955636235467,0.0
1938,4.080059855684276,0.0
1939,3.9009797204190493,0.0
1940,3.9770408480457315,0.0
1941,4.2541549768348075,0.0
1942,4.110529205823444,0.0
1943,4.411115740242329,0.0
1944,4.42325518648309,0.0
1945,3.8335297641042905,0.0
1946,4.095669382504633,0.0
1947,4.4949522313135315,0.0
1948,4.3971047452126895,0.0
1949,4.525775703542922,0.0
1950,4.118915424368047,0.0
1951,4.076372682253004,0.0
1952,4.573172331697245,0.0
1953,4.137442661011252,0.0
1954,4.164073383396529,0.0
1955,4.4363152369760535,0.0
1956,4.562667485578415,0.0
1957,4.259833657083622,0.0
1958,4.221608948676613,0.0
1959,4.012839785473662,0.0
1960,4.08694036202645,0.0
1961,4.423799556205158,0.0
1962,4.311547336704682,0.0
1963,4.4182302052626525,0.0
1964,4.633708741441656,0.0
1965,4.481539828977485,0.0
1966,4.360237062853902,0.0
1967,4.650995982435757,0.0
1968,4.252760404965346,0.0
1969,4.1045774411113065,0.0
1970,4.2971674325282105,0.0
1971,4.462121793395812,0.0
1972,4.612286670977337,0.0
1973,4.262742073903105,0.0
1974,4.36104766677776,0.0
1975,4.0901521801561325,0.0
1976,4.45574025007315,0.0
1977,4.3278504333943,0.0
1978,4.414287963837185,0.0
1979,4.09723884465086,0.0
1980,4.087312176612201,0.0
1981,4.105772142712168,0.0
1982,3.953440048719511,0.0
1983,4.188246016683502,0.0
1984,3.958710431411068,0.0
1985,4.201324345645088,0.0
1986,4.329111131592615,0.0
1987,3.909683739457037,0.0
1988,3.852086001792668,0.0
1989,4.034681227703293,0.0
1990,3.857134757122461,0.0
1991,4.086337188267876,0.0
1992,3.981304734059466,0.0
1993,3.8112447173722503,0.0
1994,4.209055144915666,0.0
1995,3.80192377174719,0.0
1996,3.877607808167361,0.0
1997,3.852585287334119,0.0
1998,3.447371341010914,0.0
1999,3.706713217881708,0.0
2000,3.3937051399724147,0.0
2001,3.5750859164846145,0.0
2002,3.746197445140849,0.0
2003,3.6979273622669204,0.0
2004,3.2407721793609925,0.0
2005,3.432241818697684,0.0
2006,3.6118363644908538,0.0
2007,3.5581955174268463,0.0
2008,3.2321281488876252,0.0
2009,3.4653801905395154,0.0
2010,2.9981526394038776,0.0
2011,3.2462932702701286,0.0
2012,3.324970916585479,0.0
2013,3.2328646253444857,0.0
2014,3.2943728207231775,0.0
2015,2.8323308644397667,0.0
2016,3.27869544985674,0.0
2017,3.111584903043503,0.0
2018,2.700224507581532,0.0
2019,3.026961150768465,0.0
2020,2.8587339463716828,0.0
2021,2.52624783710556,0.0
2022,3.087764599615725,0.0
2023,3.078393496097081,0.0
2024,2.540144342253638,0.0
2025,2.349557047876401,0.0
2026,2.879894353086007,0.0
2027,2.5001208937642048,0.0
2028,2.6368654697817018,0.0
2029,2.532431567640074,0.0
2030,2.72377577667727,0.0
2031,2.5546898495824557,0.0
2032,2.449955798765227,0.0
2033,2.0234927627712933,0.0
2034,2.0875293515565203,0.0
2035,2.135422987567165,0.0
2036,1.896130732458589,0.0
2037,1.9571057751129635,0.0
2038,2.274277783433289,0.0
2039,2.3134840067669113,0.0
2040,2.040055822796176,0.0
2041,2.1378033709073745,0.0
2042,1.517245555703915,0.0
2043,1.847471879467394,0.0
2044,1.4616431801338383,0.0
2045,2.0127364713620066,0.0
2046,1.8988302407951114,0.0
2047,1.5300023572865062,0.0
2048,1.8124254034910419,0.0
2049,1.5270735919610283,0.0
2050,1.3862563635670766,0.0
2051,1.1924997613555708,0.0
2052,1.3812301268818479,0.0
2053,1.6088401855697207,0.0
2054,1.052216135282598,0.0
2055,1.2356359974892444,0.0
2056,0.8220890196521233,0.0
2057,1.4232616867041168,0.0
2058,0.8425457089049717,0.0
2059,0.8892485047062464,0.0
2060,1.139277904637821,0.0
2061,1.0204658551834898,0.0
2062,0.5744964343528911,0.0
2063,0.7239575342572883,0.0
2064,0.9125259762038436,0.0
2065,0.6509153824572642,0.0
2066,0.6282507226339298,0.0
2067,0.5425467216726658,0.0
2068,0.8401705570545228,0.0
2069,0.22585694041551618,0.0
2070,0.7500917952541838,0.0
2071,0.343360983756674,0.0
2072,0.5575801253742987,0.0
2073,0.1056518838235124,0.0
2074,0.4185527343869279,0.0
2075,0.14523272226691328,0.0
2076,0.23290627293049915,0.0
2077,0.4322704599083388,0.0
2078,-0.05928894622244567,-0.0
2079,-0.1348211135856081,-0.0
2080,0.0762216753521161,0.0
2081,-0.24093390930748124,-0.0
2082,0.09398150077017947,0.0
2083,-0.1449491867889853,-0.0
2084,0.058590584811888335,0.0
2085,0.10739260972889009,0.0
2086,0.02882557584966805,0.0
2087,-0.17335950066702238,-0.0
2088,-0.06904262161531016,-0.0
2089,-0.005699154552980867,-0.0
2090,0.02812256710138661,0.0
2091,0.04258870132268511,0.0
2092,-0.32374350047233746,-0.0
2093,-0.044186914762463836,-0.0
2094,-0.35080279078586574,-0.0
2095,-0.03075576441681982,-0.0
2096,-0.576542689721296,-0.0
2097,-0.4219897267385739,-0.0
2098,-0.4447760367105224,-0.0
2099,-0.2643158571951587,-0.0
2100,-0.30377206680071267,-0.0
2101,-0.3326259740480106,-0.0
2102,-0.5015767991404156,-0.0
2103,-0.2375700133999149,-0.0
2104,-0.2125891308308442,-0.0
2105,-0.73756396404911,-0.0
2106,-0.7791087515703453,-0.0
2107,-0.6272947046422481,-0.0
2108,-0.7266282608745798,-0.0
2109,-0.6808099163653984,-0.0
2110,-0.5090093672347593,-0.0
2111,-0.734672092541449,-0.0
2112,-0.4582053550177889,-0.0
2113,-0.962528209858092,-0.0
2114,-0.4247572891763681,-0.0
2115,-0.9091552052012947,-0.0
2116,-0.4210194532540089,-0.0
2117,-0.39867418770085705,-0.0
2118,-0.9026857230753963,-0.0
2119,-0.7829484396645338,-0.0
2120,-0.6856850962006473,-0.0
2121,-0.9593606088546106,-0.0
2122,-0.3376247290272658,-0.0
2123,-0.6899421048663097,-0.0
2124,-0.44538795350863025,-0.0
2125,-0.7667276869445726,-0.0
2126,-0.8069053056033494,-0.0
2127,-0.33984093494106327,-0.0
2128,-0.42989904868859163,-0.0
2129,-0.5339573529741555,-0.0
2130,-0.6648194262584479,-0.0
2131,-0.4118228913002636,-0.0
2132,-0.7574335532235695,-0.0
2133,-0.8479686455027899,-0.0
2134,-0.351023558435118,-0.0
2135,-0.2523914004049811,-0.0
2136,-0.7016665424680514,-0.0
2137,-0.7750058355818581,-0.0
2138,-0.5980486604975006,-0.0
2139,-0.6149425181516205,-0.0
2140,-0.556911098236347,-0.0
2141,-0.7328181598176843,-0.0
2142,-0.5412342380674918,-0.0
2143,-0.537903531158857,-0.0
2144,-0.6257721990249918,-0.0
2145,-0.2369947267326738,-0.0
2146,-0.3430568421785483,-0.0
2147,-0.2539412617646037,-0.0
2148,-0.6114614554349176,-0.0
2149,0.041602401941544076,0.0
2150,-0.34618105407201016,-0.0
2151,-0.10994594390064272,-0.0
2152,-0.010946007761348908,-0.0
2153,-0.007642218014627222,-0.0
2154,0.0647058262977186,0.0
2155,0.04894566099719705,0.0
2156,-0.036534638378825424,-0.0
2157,0.03816337822483229,0.0
2158,-0.24870671086198687,-0.0
2159,-0.0680745542408725,-0.0
2160,-0.21428319213709238,-0.0
2161,0.13164670898767278,0.0
2162,0.02450588308333987,0.0
2163,0.15931686190599503,0.0
2164,0.297211772310588,0.0
2165,0.07363695303212814,0.0
2166,0.169242631035143,0.0
2167,0.37545128220122975,0.0
2168,0.5360822688836073,0.0
2169,0.6354383684437478,0.0
2170,0.22067884513856512,0.0
2171,0.7257168225450631,0.0
2172,0.792184963799305,0.0
2173,0.4219859843958066,0.0
2174,0.7105724750682185,0.0
2175,0.456022637212181,0.0
2176,0.6675674661597357,0.0
2177,0.6657033597440777,0.0
2178,0.733692683490397,0.0
2179,0.9107657516314693,0.0
2180,0.9011063527405023,0.0
2181,0.9281352484124572,0.0
2182,1.0800341254111823,0.0
2183,1.1839398732981086,0.0
2184,1.1628460295813918,0.0
2185,1.4151094905667083,0.0
2186,1.1828419005633188,0.0
2187,1.5236140951107466,0.0
2188,1.4869089860554618,0.0
2189,1.4123756830091294,0.0
2190,1.679541977491498,0.0
2191,1.4819806682959529,0.0
2192,1.703786488128906,0.0
2193,1.8130587139339882,0.0
2194,1.7026756335639794,0.0
2195,1.5349446547235368,0.0
2196,1.7916258600930692,0.0
2197,1.9544129609001675,0.0
2198,2.006762908467069,0.0
2199,1.9316437278412948,0.0
2200,1.8248325398451686,0.0
2201,1.8029053154767645,0.0
2202,2.197466289101761,0.0
2203,2.0278704464650588,0.0
2204,2.1081671791190257,0.0
2205,2.4403364939827963,0.0
2206,2.1939254128475887,0.0
2207,2.0166313178776822,0.0
2208,2.0842939043743787,0.0
2209,2.227486293313499,0.0
2210,2.21688364861842,0.0
2211,2.7484199510983145,0.0
2212,2.5527168511818212,0.0
2213,2.5508287275353125,0.0
2214,2.36419220023167,0.0
2215,2.320808176553377,0.0
2216,2.3354947133089707,0.0
2217,2.878381448319583,0.0
2218,2.58396408170539,0.0
2219,2.9257988252815337,0.0
2220,2.7476387553872965,0.0
2221,3.004604884999593,0.0
2222,2.794987659881892,0.0
2223,2.7166665219551227,0.0
2224,3.2317029288455785,0.0
2225,2.9427631175458,0.0
2226,2.937983074623874,0.0
2227,2.8992461347542626,0.0
2228,2.8881513142131485,0.0
2229,3.143273125689974,0.0
2230,3.31172129778496,0.0
2231,3.4458054968294993,0.0
2232,3.3147754711012998,0.0
2233,3.6081080157882726,0.0
2234,3.489508219920003,0.0
2235,3.5078416090043567,0.0
2236,3.556154345714362,0.0
2237,3.4007117618220417,0.0
2238,3.4328449632285136,0.0
2239,3.543149574269283,0.0
2240,3.964463579723323,0.0
2241,3.4498267318320215,0.0
2242,3.749442438920599,0.0
2243,3.826926205775307,0.0
2244,3.8801667796405117,0.0
2245,3.5431375442608886,0.0
2246,3.807659369067477,0.0
2247,3.5960835380216967,0.0
2248,3.642711886352321,0.0
2249,3.738962282922012,0.0
2250,4.253849379323854,0.0
2251,3.903651544762046,0.0
2252,3.9035669081082287,0.0
2253,4.254787087627061,0.0
2254,3.794027102034288,0.0
2255,4.066282123855098,0.0
2256,4.398122776922482,0.0
2257,4.055688874746809,0.0
2258,4.13034652057652,0.0
2259,4.158731735450067,0.0
2260,4.257008903149506,0.0
2261,4.06656721665033,0.0
2262,4.106627346464491,0.0
2263,4.243285612691222,0.0
2264,4.495610258807122,0.0
2265,4.498402106106604,0.0
2266,4.323617262959083,0.0
2267,4.577991305020808,0.0
2268,4.470764502804824,0.0
2269,4.52413972462205,0.0
2270,4.541295386985588,0.0
2271,4.095598131911356,0.0
2272,4.315023430365861,0.0
2273,4.276016063067983,0.0
2274,4.18571422261713,0.0
2275,4.125423132082976,0.0
2276,4.323936350603412,0.0
2277,4.499811984688311,0.0
2278,4.1389751316068475,0.0
2279,4.608645278318599,0.0
2280,4.32089351890691,0.0
2281,4.367695014371948,0.0
2282,4.021146994216195,0.0
2283,4.408606728542891,0.0
2284,4.318444335868445,0.0
2285,4.439458933243677,0.0
2286,4.259187030646485,0.0
2287,4.302255088659926,0.0
2288,4.166432766371023,0.0
2289,4.167615328432717,0.0
2290,4.0380752649910745,0.0
2291,4.180249655508005,0.0
2292,4.033987564518575,0.0
2293,4.324012354139058,0.0
2294,4.480749018697155,0.0
2295,3.978185449869784,0.0
2296,4.475001359847985,0.0
2297,4.208484930621671,0.0
2298,4.282656780026794,0.0
2299,4.125715898978645,0.0
2300,3.812562713870374,0.0
2301,4.16450699843325,0.0
2302,4.359749829081433,0.0
2303,3.7808736535569913,0.0
2304,3.949307881956853,0.0
2305,4.055287408752433,0.0
2306,4.24425229004233,0.0
2307,4.193020089777937,0.0
2308,3.975428643545827,0.0
2309,3.720121997145566,0.0
2310,4.115705315617271,0.0
2311,3.635095927113704,0.0
2312,3.7382643899448627,0.0
2313,3.6775148358230294,0.0
2314,3.463282293822054,0.0
2315,3.786670964885075,0.0
2316,3.3237399530935665,0.0
2317,3.2790848506143506,0.0
2318,3.6483497134897696,0.0
2319,3.331098285439978,0.0
2320,3.4234264104591134,0.0
2321,3.6494267379586285,0.0
2322,3.214494869612966,0.0
2323,3.4951775765896618,0.0
2324,3.009660413789054,0.0
2325,3.5332986942650813,0.0
2326,3.390379516330567,0.0
2327,3.1383803143866977,0.0
2328,2.8714931514750917,0.0
2329,3.177073640053819,0.0
2330,3.1504758473273067,0.0
2331,2.866594738532273,0.0
2332,3.0952434741693047,0.0
2333,3.0563552315464855,0.0
2334,2.8773852252963543,0.0
2335,3.051924649565416,0.0
2336,2.6526533114094755,0.0
2337,2.8426066574598807,0.0
2338,2.7571786400721727,0.0
2339,2.8418113455408447,0.0
2340,2.5860405460629496,0.0
2341,2.496346496634413,0.0
2342,2.764075840485438,0.0
2343,2.7055607293724755,0.0
2344,2.1591520453576067,0.0
2345,2.1450743887331543,0.0
2346,2.5879614780643356,0.0
2347,2.0476961249900145,0.0
2348,2.5237038168191708,0.0
2349,1.9591366201971434,0.0
2350,1.96186001571675,0.0
2351,1.983568400335837,0.0
2352,2.3371943849843793,0.0
2353,1.9271965715153825,0.0
2354,2.00636936583828,0.0
2355,1.7622149467168382,0.0
2356,1.7067000595573747,0.0
2357,2.0897383840160346,0.0
2358,1.6471790227144965,0.0
2359,1.9863045133456745,0.0
2360,1.7288090261550026,0.0
2361,1.479814582792851,0.0
2362,1.8375950138156083,0.0
2363,1.2869175434408282,0.0
2364,1.3396453276752456,0.0
2365,1.7036684722211,0.0
2366,1.388483851633747,0.0
2367,1.0313844309938653,0.0
2368,1.07705840725667,0.0
2369,1.1790653268390625,0.0
2370,1.1776985195498721,0.0
2371,1.3921736547449086,0.0
2372,1.2748370644014173,0.0
2373,0.8838603179812355,0.0
2374,1.2377606424149028,0.0
2375,1.1707685443895803,0.0
2376,0.6682289213284158,0.0
2377,0.6257434876118508,0.0
2378,1.018956656256905,0.0
2379,1.0272309548764413,0.0
2380,0.40595980530485654,0.0
2381,0.49090597107735057,0.0
2382,0.6641435833400735,0.0
2383,0.41286139093745644,0.0
2384,0.308716867793421,0.0
2385,0.47807859464760094,0.0
2386,0.24485562400234237,0.0
2387,0.3953841899127619,0.0
2388,0.214791038012997,0.0
2389,0.34760896855514184,0.0
2390,0.09354202786535196,0.0
2391,0.21867219400261662,0.0
2392,0.05783000527593676,0.0
2393,0.29520667987929494,0.0
2394,-0.09495431650145125,-0.0
2395,-0.2224732078902143,-0.0
2396,-0.15450212108157468,-0.0
2397,-0.21865100826655665,-0.0
2398,0.27336704106990384,0.0
2399,-0.1839046271333634,-0.0
2400,0.22711367260848414,0.0
2401,-0.08224737511668628,-0.0
2402,0.15678343346591106,0.0
2403,-0.26353321976821753,-0.0
2404,-0.13953095754339545,-0.0
2405,-0.07989677390468414,-0.0
2406,-0.13217235750003775,-0.0
2407,-0.5126259546048034,-0.0
2408,-0.5393579721010325,-0.0
2409,-0.43698338351221055,-0.0
2410,-0.2614777879456685,-0.0
2411,-0.4154770074060243,-0.0
2412,-0.4647844345462826,-0.0
2413,-0.3918784905668606,-0.0
2414,-0.5084263401717382,-0.0
2415,-0.411033202182515,-0.0
2416,-0.6944669790082438,-0.0
2417,-0.24377560801645182,-0.0
2418,-0.2890764163905303,-0.0
2419,-0.8736780410126274,-0.0
2420,-0.4839163153392058,-0.0
2421,-0.34488150163639364,-0.0
2422,-0.6573576126931391,-0.0
2423,-0.31039624463313176,-0.0
2424,-0.27725560550047057,-0.0
2425,-0.647639679385037,-0.0
2426,-0.8966437128106708,-0.0
2427,-0.9363147149186833,-0.0
2428,-0.9019681943137197,-0.0
2429,-0.9685433843219536,-0.0
2430,-0.5575348796375614,-0.0
2431,-0.9766722365164586,-0.0
2432,-0.3707894090505697,-0.0
2433,-0.9362643041969415,-0.0
2434,-0.3752921565266044,-0.0
2435,-0.9603839768712134,-0.0
2436,-0.8271818432009002,-0.0
2437,-0.44235720354125774,-0.0
2438,-0.38744592409703527,-0.0
2439,-0.8686048293762875,-0.0
2440,-0.5262494124453192,-0.0
2441,-0.34309172816209565,-0.0
2442,-0.7935268430190215,-0.0
2443,-0.30765174908747095,-0.0
2444,-0.4892140843533144,-0.0
2445,-0.38451536604482417,-0.0
2446,-0.2875435812480893,-0.0
2447,-0.3542390032424413,-0.0
2448,-0.6222552883356305,-0.0
2449,-0.6377094858084726,-0.0
2450,-0.23449092637648217,-0.0
2451,-0.3886536381477517,-0.0
2452,-0.34964630907398664,-0.0
2453,-0.72588070966761,-0.0
2454,-0.34272780365793104,-0.0
2455,-0.13381461330951772,-0.0
2456,-0.44063159231748017,-0.0
2457,-0.40991377463493867,-0.0
2458,-0.392935372724093,-0.0
2459,-0.055108640544289766,-0.0
2460,-0.15533135551354682,-0.0
2461,-0.5634876520446493,-0.0
2462,-0.0210205998705143,-0.0
2463,-0.5098095005744409,-0.0
2464,-0.43808703015951644,-0.0
2465,-0.00596504775300255,-0.0
2466,-0.1033531804338561,-0.0
2467,-0.05302711818093697,-0.0
2468,-0.014501292884560868,-0.0
2469,0.03628017881325135,0.0
2470,-0.36013477260458054,-0.0
2471,0.1588223853714562,0.0
2472,-0.010982600523142316,-0.0
2473,-0.2787244148814007,-0.0
2474,0.24625392018436887,0.0
2475,0.05521983974329442,0.0
2476,0.031101088155592954,0.0
2477,0.2586580523627815,0.0
2478,0.1305037635194784,0.0
2479,0.405830948888451,0.0
2480,0.3958389510263718,0.0
2481,0.09595531635963923,0.0
2482,0.2194212485442585,0.0
2483,0.38937645321230313,0.0
2484,0.19292686040363433,0.0
2485,0.7499051429456408,0.0
2486,0.2539613125326064,0.0
2487,0.3367369304115497,0.0
2488,0.7597938076939199,0.0
2489,0.8421350335205461,0.0
2490,0.5192519820954501,0.0
2491,0.7066241697106843,0.0
2492,0.5802576997180443,0.0
2493,0.6504107244737048,0.0
2494,1.141531448172034,0.0
2495,0.7180784119877688,0.0
2496,0.995013966261473,0.0
2497,0.7930664774789362,0.0
2498,1.3423850661776586,0.0
2499,1.303423111768271,0.0
2500,1.4978039468077022,0.0
2501,1.3281547341760525,0.0
2502,0.9866797816524644,0.0
2503,1.116831389340141,0.0
2504,1.3649269030484859,0.0
2505,1.5204231217445787,0.0
2506,1.5660978041564022,0.0
2507,1.6854840773737958,0.0
2508,1.567955500031588,0.0
2509,1.4114892011210098,0.0
2510,1.4464341340403655,0.0
2511,2.0310989488491398,0.0
2512,1.7476307148231456,0.0
2513,1.8222662989437937,0.0
2514,2.1769979655965117,0.0
2515,1.6872382601606892,0.0
2516,1.9431267715747667,0.0
2517,2.166513996094839,0.0
2518,2.340795156460172,0.0
2519,2.4450164553226412,0.0
2520,2.0941950682913495,0.0
2521,2.125646536989227,0.0
2522,2.0547243200971277,0.0
2523,2.4395545439903605,0.0
2524,2.5210313218711127,0.0
2525,2.6376498656850194,0.0
2526,2.354897554510688,0.0
2527,2.7768663146381654,0.0
2528,2.5159685682803987,0.0
2529,2.708527160976899,0.0
2530,2.909938306438119,0.0
2531,2.499396449253438,0.0
2532,2.5282159895131215,0.0
2533,2.506357058490113,0.0
2534,2.5390244419017645,0.0
2535,2.9933261520679246,0.0
2536,3.175216045757685,0.0
2537,3.1398813233157012,0.0
2538,3.262827044578189,0.0
2539,3.233349054752251,0.0
2540,3.0006734212737793,0.0
2541,3.1578723266010904,0.0
2542,3.488245495655529,0.0
2543,3.3862514991333104,0.0
2544,3.199566027373702,0.0
2545,3.153085549671521,0.0
2546,3.03288876255705,0.0
2547,3.3965725518824,0.0
2548,3.313128088301448,0.0
2549,3.6550456493118135,0.0
2550,3.3780195679499574,0.0
2551,3.5302200812103415,0.0
2552,3.336476816553589,0.0
2553,3.7422839964070995,0.0
2554,3.465486405369179,0.0
2555,3.425908609968576,0.0
2556,3.928333911736182,0.0
2557,3.4633984659371078,0.0
2558,3.9219415982323502,0.0
2559,3.9822434319310465,0.0
2560,3.52335518033569,0.0
2561,4.139758976978503,0.0
2562,3.894637459060723,0.0
2563,4.044507286831126,0.0
2564,3.9809051663056305,0.0
2565,4.230395952639425,0.0
2566,4.32886908692049,0.0
2567,4.264699283091709,0.0
2568,4.31294653284976,0.0
2569,4.020392141532387,0.0
2570,4.080987018815699,0.0
2571,3.9149148782090277,0.0
2572,3.8518349926557196,0.0
2573,4.204206521870074,0.0
2574,4.169871529092248,0.0
2575,4.039334319335284,0.0
2576,4.511511911928043,0.0
2577,4.353394484228707,0.0
2578,4.275636096863748,0.0
2579,4.112491802283923,0.0
2580,4.290363242049378,0.0
2581,4.271054103275975,0.0
2582,3.9901222189525836,0.0
2583,4.181338585697613,0.0
2584,4.4520175426173365,0.0
2585,4.641205949364277,0.0
2586,4.470399273740055,0.0
2587,4.519965156621212,0.0
2588,4.096249648210629,0.0
2589,4.2769860975607035,0.0
2590,4.508819049003798,0.0
2591,4.636929635681687,0.0
2592,4.172157906321049,0.0
2593,4.345464896445466,0.0
2594,4.414276631426273,0.0
2595,4.021289571686123,0.0
2596,4.354439381737047,0.0
2597,4.093607464937299,0.0
2598,4.509866246370469,0.0
2599,4.134405229197683,0.0
2600,4.3086443468328595,0.0
2601,4.123168432375336,0.0
2602,4.055854037790633,0.0
2603,4.20890129306999,0.0
2604,4.528007951591518,0.0
2605,4.481175427685929,0.0
2606,3.974191863275914,0.0
2607,3.9201811014732555,0.0
2608,4.293104301872315,0.0
2609,4.359139106847024,0.0
2610,4.234070861223652,0.0
2611,4.259257713916313,0.0
2612,3.809211889098993,0.0
2613,3.9092474790050353,0.0
2614,4.058140494928996,0.0
2615,3.9818667721526984,0.0
2616,3.8545833401719234,0.0
2617,4.151212237877003,0.0
2618,3.72865245580995,0.0
2619,3.8955304773880344,0.0
2620,4.025847344014411,0.0
2621,4.047054252254833,0.0
2622,3.668610255166824,0.0
2623,3.902062997565001,0.0
2624,4.133910035887936,0.0
2625,4.0485660833288675,0.0
2626,3.7892685194450646,0.0
2627,3.633317920429253,0.0
2628,3.7122535790848636,0.0
2629,3.389443831638814,0.0
2630,3.7957071279626455,0.0
2631,3.565647450846043,0.0
2632,3.4441005826157753,0.0
2633,3.846080728867836,0.0
2634,3.440488702905834,0.0
2635,3.5592296055858714,0.0
2636,3.0919469575568868,0.0
2637,3.113673024228514,0.0
2638,3.3728212533815136,0.0
2639,3.2665358109897733,0.0
2640,2.9923406155434114,0.0
2641,3.000082249075481,0.0
2642,3.4632306623463998,0.0
2643,3.1479342637046495,0.0
2644,3.328012149603534,0.0
2645,3.3215887122636736,0.0
2646,3.1893694326599595,0.0
2647,2.6336058013123846,0.0
2648,2.8047462987260676,0.0
2649,2.741159329124639,0.0
2650,2.852602882920116,0.0
2651,2.936246231257943,0.0
2652,2.957550390435599,0.0
2653,2.4889361308897775,0.0
2654,2.720260035643708,0.0
2655,2.9091494601995884,0.0
2656,2.7499876047560052,0.0
2657,2.4664137525159795,0.0
2658,2.6782725292347496,0.0
2659,2.134568986469801,0.0
2660,2.207973475152076,0.0
2661,2.2180763119069886,0.0
2662,1.9460356795085245,0.0
2663,2.4435549435791732,0.0
2664,1.8330813671882638,0.0
2665,1.9356837582616278,0.0
2666,1.9378076462290204,0.0
2667,2.3114115143505254,0.0
2668,2.1132696827837143,0.0
2669,2.089249294326622,0.0
2670,1.524242764312845,0.0
2671,1.823679840303105,0.0
2672,1.6671438606665046,0.0
2673,2.0329373464989224,0.0
2674,1.8230375536761172,0.0
2675,1.5326739427210412,0.0
2676,1.4589968756587381,0.0
2677,1.5246910164283767,0.0
2678,1.527518109898481,0.0
2679,1.583441653825444,0.0
2680,1.2369650189294794,0.0
2681,1.4849854092054324,0.0
2682,1.2451924670955399,0.0
2683,1.0173353935344547,0.0
2684,1.2487978996905635,0.0
2685,0.8119386202591546,0.0
2686,1.3057901537689651,0.0
2687,1.310513826697695,0.0
2688,0.6954015679490602,0.0
